{"v":"5.2.1","fr":60,"ip":0,"op":186,"w":600,"h":600,"nm":"Coffee","ddd":0,"assets":[],"layers":[{"ddd":0,"ind":1,"ty":4,"nm":"Shape Layer 20","sr":1,"ks":{"o":{"a":0,"k":70,"ix":11},"r":{"a":0,"k":0,"ix":10},"p":{"a":0,"k":[300,300,0],"ix":2},"a":{"a":0,"k":[0,0,0],"ix":1},"s":{"a":0,"k":[100,100,100],"ix":6}},"ao":0,"shapes":[{"ty":"gr","it":[{"ind":0,"ty":"sh","ix":1,"ks":{"a":0,"k":{"i":[[0,0]],"o":[[0,0]],"v":[[-274,-454]],"c":false},"ix":2},"nm":"Path 1","mn":"ADBE Vector Shape - Group","hd":false},{"ty":"st","c":{"a":0,"k":[1,1,1,1],"ix":3},"o":{"a":0,"k":100,"ix":4},"w":{"a":0,"k":2,"ix":5},"lc":1,"lj":1,"ml":4,"ml2":{"a":0,"k":4,"ix":8},"nm":"Stroke 1","mn":"ADBE Vector Graphic - Stroke","hd":true},{"ty":"fl","c":{"a":0,"k":[0.396078461292,0.129411764706,0.129411764706,1],"ix":4},"o":{"a":0,"k":100,"ix":5},"r":1,"nm":"Fill 1","mn":"ADBE Vector Graphic - Fill","hd":false},{"ty":"tr","p":{"a":0,"k":[0,0],"ix":2},"a":{"a":0,"k":[0,0],"ix":1},"s":{"a":0,"k":[100,100],"ix":3},"r":{"a":0,"k":0,"ix":6},"o":{"a":0,"k":100,"ix":7},"sk":{"a":0,"k":0,"ix":4},"sa":{"a":0,"k":0,"ix":5},"nm":"Transform"}],"nm":"Shape 1","np":3,"cix":2,"ix":1,"mn":"ADBE Vector Group","hd":false}],"ip":0,"op":186,"st":0,"bm":0},{"ddd":0,"ind":2,"ty":4,"nm":"Shape Layer 15","sr":1,"ks":{"o":{"a":0,"k":100,"ix":11},"r":{"a":0,"k":0,"ix":10},"p":{"a":1,"k":[{"i":{"x":0.667,"y":1},"o":{"x":0.333,"y":0},"n":"0p667_1_0p333_0","t":0,"s":[268,265.25,0],"e":[268,201.5,0],"to":[0,-10.625,0],"ti":[0,20.4583339691162,0]},{"i":{"x":0.667,"y":1},"o":{"x":0.333,"y":0},"n":"0p667_1_0p333_0","t":105.646,"s":[268,201.5,0],"e":[268,142.5,0],"to":[0,-20.4583339691162,0],"ti":[0,9.83333301544189,0]},{"t":139}],"ix":2},"a":{"a":0,"k":[-30.5,-90,0],"ix":1},"s":{"a":1,"k":[{"i":{"x":[0.667,0.667,0.667],"y":[1,1,1]},"o":{"x":[0.333,0.333,0.333],"y":[0,0,0]},"n":["0p667_1_0p333_0","0p667_1_0p333_0","0p667_1_0p333_0"],"t":0,"s":[0,0,100],"e":[100,100,100]},{"i":{"x":[0.667,0.667,0.667],"y":[1,1,1]},"o":{"x":[0.333,0.333,0.333],"y":[0,0,0]},"n":["0p667_1_0p333_0","0p667_1_0p333_0","0p667_1_0p333_0"],"t":105.646,"s":[100,100,100],"e":[0,0,100]},{"t":176}],"ix":6}},"ao":0,"shapes":[{"ty":"gr","it":[{"d":1,"ty":"el","s":{"a":0,"k":[20,24.5],"ix":2},"p":{"a":0,"k":[0,0],"ix":3},"nm":"Ellipse Path 1","mn":"ADBE Vector Shape - Ellipse","hd":false},{"ty":"st","c":{"a":0,"k":[1,1,1,1],"ix":3},"o":{"a":0,"k":100,"ix":4},"w":{"a":0,"k":2,"ix":5},"lc":1,"lj":1,"ml":4,"ml2":{"a":0,"k":4,"ix":8},"nm":"Stroke 1","mn":"ADBE Vector Graphic - Stroke","hd":true},{"ty":"fl","c":{"a":0,"k":[0.396078461292,0.129411764706,0.129411764706,1],"ix":4},"o":{"a":0,"k":100,"ix":5},"r":1,"nm":"Fill 1","mn":"ADBE Vector Graphic - Fill","hd":false},{"ty":"tr","p":{"a":0,"k":[-30.5,-89.75],"ix":2},"a":{"a":0,"k":[0,0],"ix":1},"s":{"a":0,"k":[100,100],"ix":3},"r":{"a":0,"k":0,"ix":6},"o":{"a":0,"k":100,"ix":7},"sk":{"a":0,"k":0,"ix":4},"sa":{"a":0,"k":0,"ix":5},"nm":"Transform"}],"nm":"Ellipse 1","np":3,"cix":2,"ix":1,"mn":"ADBE Vector Group","hd":false}],"ip":0,"op":186,"st":0,"bm":0},{"ddd":0,"ind":3,"ty":4,"nm":"Shape Layer 18","sr":1,"ks":{"o":{"a":0,"k":100,"ix":11},"r":{"a":0,"k":0,"ix":10},"p":{"a":1,"k":[{"i":{"x":0.667,"y":1},"o":{"x":0.333,"y":0},"n":"0p667_1_0p333_0","t":0,"s":[385.25,197.75,0],"e":[410.75,166.25,0],"to":[4.25,-5.25,0],"ti":[-5.125,7.16666650772095,0]},{"i":{"x":0.667,"y":1},"o":{"x":0.333,"y":0},"n":"0p667_1_0p333_0","t":57.813,"s":[410.75,166.25,0],"e":[416,154.75,0],"to":[5.125,-7.16666650772095,0],"ti":[0.20833332836628,3.875,0]},{"i":{"x":0.667,"y":1},"o":{"x":0.333,"y":0},"n":"0p667_1_0p333_0","t":71.303,"s":[416,154.75,0],"e":[409.5,143,0],"to":[-0.20833332836628,-3.875,0],"ti":[1.08333337306976,1.95833337306976,0]},{"t":82.865234375}],"ix":2},"a":{"a":0,"k":[110.75,-133.75,0],"ix":1},"s":{"a":1,"k":[{"i":{"x":[0.833,0.833,0.833],"y":[1,1,1]},"o":{"x":[0.167,0.167,0.167],"y":[0,0,0]},"n":["0p833_1_0p167_0","0p833_1_0p167_0","0p833_1_0p167_0"],"t":0,"s":[0,0,100],"e":[85.714,50.957,100]},{"i":{"x":[0.667,0.667,0.667],"y":[1,1,1]},"o":{"x":[0.333,0.333,0.333],"y":[0,0,0]},"n":["0p667_1_0p333_0","0p667_1_0p333_0","0p667_1_0p333_0"],"t":20,"s":[85.714,50.957,100],"e":[120.408,98.957,100]},{"i":{"x":[0.667,0.667,0.667],"y":[1,1,1]},"o":{"x":[0.333,0.333,0.333],"y":[0,0,0]},"n":["0p667_1_0p333_0","0p667_1_0p333_0","0p667_1_0p333_0"],"t":57.813,"s":[120.408,98.957,100],"e":[4.082,4.082,100]},{"t":82.865234375}],"ix":6}},"ao":0,"shapes":[{"ty":"gr","it":[{"d":1,"ty":"el","s":{"a":0,"k":[24.5,26],"ix":2},"p":{"a":0,"k":[0,0],"ix":3},"nm":"Ellipse Path 1","mn":"ADBE Vector Shape - Ellipse","hd":false},{"ty":"st","c":{"a":0,"k":[1,1,1,1],"ix":3},"o":{"a":0,"k":100,"ix":4},"w":{"a":0,"k":2,"ix":5},"lc":1,"lj":1,"ml":4,"ml2":{"a":0,"k":4,"ix":8},"nm":"Stroke 1","mn":"ADBE Vector Graphic - Stroke","hd":true},{"ty":"fl","c":{"a":0,"k":[0.396078461292,0.129411764706,0.129411764706,1],"ix":4},"o":{"a":0,"k":100,"ix":5},"r":1,"nm":"Fill 1","mn":"ADBE Vector Graphic - Fill","hd":false},{"ty":"tr","p":{"a":0,"k":[110.75,-132],"ix":2},"a":{"a":0,"k":[0,0],"ix":1},"s":{"a":0,"k":[100,170.833],"ix":3},"r":{"a":0,"k":0,"ix":6},"o":{"a":0,"k":100,"ix":7},"sk":{"a":0,"k":0,"ix":4},"sa":{"a":0,"k":0,"ix":5},"nm":"Transform"}],"nm":"Ellipse 1","np":3,"cix":2,"ix":1,"mn":"ADBE Vector Group","hd":false}],"ip":0,"op":186,"st":0,"bm":0},{"ddd":0,"ind":4,"ty":4,"nm":"Shape Layer 14","sr":1,"ks":{"o":{"a":0,"k":100,"ix":11},"r":{"a":0,"k":0,"ix":10},"p":{"a":1,"k":[{"i":{"x":0.667,"y":1},"o":{"x":0.333,"y":0},"n":"0p667_1_0p333_0","t":0,"s":[385.25,197.75,0],"e":[410.75,166.25,0],"to":[4.25,-5.25,0],"ti":[-5.125,7.16666650772095,0]},{"i":{"x":0.667,"y":1},"o":{"x":0.333,"y":0},"n":"0p667_1_0p333_0","t":57.813,"s":[410.75,166.25,0],"e":[416,154.75,0],"to":[5.125,-7.16666650772095,0],"ti":[0.20833332836628,3.875,0]},{"i":{"x":0.667,"y":1},"o":{"x":0.333,"y":0},"n":"0p667_1_0p333_0","t":71.303,"s":[416,154.75,0],"e":[409.5,143,0],"to":[-0.20833332836628,-3.875,0],"ti":[1.08333337306976,1.95833337306976,0]},{"t":82.865234375}],"ix":2},"a":{"a":0,"k":[110.75,-133.75,0],"ix":1},"s":{"a":1,"k":[{"i":{"x":[0.833,0.833,0.833],"y":[1,1,1]},"o":{"x":[0.167,0.167,0.167],"y":[0,0,0]},"n":["0p833_1_0p167_0","0p833_1_0p167_0","0p833_1_0p167_0"],"t":0,"s":[0,0,100],"e":[85.714,50.957,100]},{"i":{"x":[0.667,0.667,0.667],"y":[1,1,1]},"o":{"x":[0.333,0.333,0.333],"y":[0,0,0]},"n":["0p667_1_0p333_0","0p667_1_0p333_0","0p667_1_0p333_0"],"t":20,"s":[85.714,50.957,100],"e":[120.408,98.957,100]},{"i":{"x":[0.667,0.667,0.667],"y":[1,1,1]},"o":{"x":[0.333,0.333,0.333],"y":[0,0,0]},"n":["0p667_1_0p333_0","0p667_1_0p333_0","0p667_1_0p333_0"],"t":57.813,"s":[120.408,98.957,100],"e":[4.082,4.082,100]},{"t":82.865234375}],"ix":6}},"ao":0,"shapes":[{"ty":"gr","it":[{"d":1,"ty":"el","s":{"a":0,"k":[24.5,26],"ix":2},"p":{"a":0,"k":[0,0],"ix":3},"nm":"Ellipse Path 1","mn":"ADBE Vector Shape - Ellipse","hd":false},{"ty":"st","c":{"a":0,"k":[1,1,1,1],"ix":3},"o":{"a":0,"k":100,"ix":4},"w":{"a":0,"k":2,"ix":5},"lc":1,"lj":1,"ml":4,"ml2":{"a":0,"k":4,"ix":8},"nm":"Stroke 1","mn":"ADBE Vector Graphic - Stroke","hd":true},{"ty":"fl","c":{"a":0,"k":[0.396078461292,0.129411764706,0.129411764706,1],"ix":4},"o":{"a":0,"k":100,"ix":5},"r":1,"nm":"Fill 1","mn":"ADBE Vector Graphic - Fill","hd":false},{"ty":"tr","p":{"a":0,"k":[110.75,-132],"ix":2},"a":{"a":0,"k":[0,0],"ix":1},"s":{"a":0,"k":[100,170.833],"ix":3},"r":{"a":0,"k":0,"ix":6},"o":{"a":0,"k":100,"ix":7},"sk":{"a":0,"k":0,"ix":4},"sa":{"a":0,"k":0,"ix":5},"nm":"Transform"}],"nm":"Ellipse 1","np":3,"cix":2,"ix":1,"mn":"ADBE Vector Group","hd":false}],"ip":0,"op":186,"st":0,"bm":0},{"ddd":0,"ind":5,"ty":4,"nm":"Shape Layer 17","sr":1,"ks":{"o":{"a":1,"k":[{"i":{"x":[0.833],"y":[0.833]},"o":{"x":[0.167],"y":[0.167]},"n":["0p833_0p833_0p167_0p167"],"t":32,"s":[0],"e":[69]},{"i":{"x":[0.833],"y":[0.833]},"o":{"x":[0.167],"y":[0.167]},"n":["0p833_0p833_0p167_0p167"],"t":46,"s":[69],"e":[100]},{"t":185}],"ix":11},"r":{"a":0,"k":0,"ix":10},"p":{"a":1,"k":[{"i":{"x":0.833,"y":0.833},"o":{"x":0.167,"y":0.167},"n":"0p833_0p833_0p167_0p167","t":32,"s":[288.75,79,0],"e":[278.75,59,0],"to":[-1.66666662693024,-3.33333325386047,0],"ti":[1.66666662693024,3.33333325386047,0]},{"t":68}],"ix":2},"a":{"a":0,"k":[-54.5,-252.25,0],"ix":1},"s":{"a":0,"k":[100,100,100],"ix":6}},"ao":0,"shapes":[{"ty":"gr","it":[{"ind":0,"ty":"sh","ix":1,"ks":{"a":1,"k":[{"i":{"x":0.667,"y":1},"o":{"x":0.333,"y":0},"n":"0p667_1_0p333_0","t":32,"s":[{"i":[[7.321,0.392],[-0.006,-0.001],[-9.237,-1.205],[0,0]],"o":[[-2.861,-0.153],[0.006,0.001],[2.222,0.29],[0,0]],"v":[[-63.055,-253.581],[-68.591,-245.646],[-47.822,-239.144],[-49.513,-244.39]],"c":true}],"e":[{"i":[[12.5,-2.375],[-3.5,-0.5],[-9.125,1.875],[0,0]],"o":[[-7.25,1.375],[3.5,0.5],[9.125,-1.875],[0,0]],"v":[[-53.5,-266.5],[-61,-255.25],[-52.375,-262.25],[-41.125,-264.25]],"c":true}]},{"i":{"x":0.667,"y":1},"o":{"x":0.333,"y":0},"n":"0p667_1_0p333_0","t":50.813,"s":[{"i":[[12.5,-2.375],[-3.5,-0.5],[-9.125,1.875],[0,0]],"o":[[-7.25,1.375],[3.5,0.5],[9.125,-1.875],[0,0]],"v":[[-53.5,-266.5],[-61,-255.25],[-52.375,-262.25],[-41.125,-264.25]],"c":true}],"e":[{"i":[[12.5,-2.375],[-3.5,-0.5],[-9.125,2.375],[0,0]],"o":[[-7.25,1.375],[-2.5,0.25],[12.125,-2.5],[0,0]],"v":[[-53.5,-266.5],[-61,-255.25],[-53.5,-266.5],[-41.125,-264.25]],"c":true}]},{"t":68.15625}],"ix":2},"nm":"Path 1","mn":"ADBE Vector Shape - Group","hd":false},{"ty":"st","c":{"a":0,"k":[1,1,1,1],"ix":3},"o":{"a":0,"k":100,"ix":4},"w":{"a":0,"k":2,"ix":5},"lc":1,"lj":1,"ml":4,"ml2":{"a":0,"k":4,"ix":8},"nm":"Stroke 1","mn":"ADBE Vector Graphic - Stroke","hd":true},{"ty":"fl","c":{"a":0,"k":[1,1,1,1],"ix":4},"o":{"a":0,"k":100,"ix":5},"r":1,"nm":"Fill 1","mn":"ADBE Vector Graphic - Fill","hd":false},{"ty":"tr","p":{"a":0,"k":[0,0],"ix":2},"a":{"a":0,"k":[0,0],"ix":1},"s":{"a":0,"k":[100,100],"ix":3},"r":{"a":0,"k":0,"ix":6},"o":{"a":0,"k":100,"ix":7},"sk":{"a":0,"k":0,"ix":4},"sa":{"a":0,"k":0,"ix":5},"nm":"Transform"}],"nm":"Shape 1","np":3,"cix":2,"ix":1,"mn":"ADBE Vector Group","hd":false}],"ip":32,"op":69,"st":-7,"bm":0},{"ddd":0,"ind":6,"ty":4,"nm":"Shape Layer 12","sr":1,"ks":{"o":{"a":0,"k":70,"ix":11},"r":{"a":0,"k":0,"ix":10},"p":{"a":0,"k":[298,300,0],"ix":2},"a":{"a":0,"k":[0,0,0],"ix":1},"s":{"a":0,"k":[100,100,100],"ix":6}},"ao":0,"shapes":[{"ty":"gr","it":[{"ind":0,"ty":"sh","ix":1,"ks":{"a":1,"k":[{"i":{"x":0.433,"y":0.365},"o":{"x":0.333,"y":0.374},"n":"0p433_0p365_0p333_0p374","t":0,"s":[{"i":[[0,-11.25],[59.5,0],[-54.5,0],[0,-28.5],[38.75,-2.5],[6.749,-4.327],[3.13,-7.05],[1.783,-10.254],[8.801,-5.175],[1.873,-0.672],[0,0],[-108.25,1.25],[-13.75,13.25],[1.64,1.182],[3.04,3.704],[0.463,6.724],[-8.42,6.369],[-1.75,80.75],[0,0],[0,0],[0,34.5],[-20.75,0],[-0.75,14.5]],"o":[[0,11.25],[-59.5,0],[54.5,0],[0,42.75],[-12.493,0.806],[-6.718,4.307],[-3.478,7.835],[-2.972,17.091],[-3.957,2.327],[-0.969,0.348],[0,0],[36.054,0.194],[-0.826,-0.216],[-2.616,-1.885],[-4.157,-5.066],[-0.463,-6.726],[26.849,-20.309],[1.127,-51.988],[0,0],[0,0],[0,-34.5],[20.75,0],[0.75,-14.5]],"v":[[25.25,-238.25],[-47,-220],[-52,-126],[56,-106.5],[-32.5,-76],[-60.831,-68.112],[-75.078,-50.889],[-82.25,-23.5],[-105.477,8.613],[-114.727,12.994],[-116.25,13.5],[9.75,35],[116,14.75],[112.176,12.606],[103.186,4.025],[94.961,-14.163],[105.599,-34.309],[209.25,-99.75],[155.75,-153.25],[-0.5,-154.25],[-41.75,-179.25],[2.25,-211.75],[33,-236.75]],"c":true}],"e":[{"i":[[0.5,0.875],[-5.75,-4.875],[-48,0],[0,-35.5],[88.75,-10.5],[12.069,-8.491],[-2.423,-14.467],[-36.468,-19.973],[18.308,-6.205],[4.468,-1.105],[0,0],[-108.25,1.25],[-13.75,13.25],[2.849,7.636],[7.343,7.289],[5.633,6.507],[-9.926,9.624],[-9.75,80.25],[13,0],[0,0],[25.998,-0.319],[24.75,1.25],[22.75,2.25]],"o":[[-5.75,5.625],[16.25,10.875],[48,0],[1.75,54.75],[-14.267,-0.322],[-12.013,8.451],[2.693,16.077],[14.321,9.789],[-8.231,2.79],[-2.312,0.572],[0,0],[36.054,0.194],[-0.359,-10.381],[-4.546,-12.183],[-10.043,-9.97],[-5.634,-6.509],[31.651,-30.691],[0,-58],[-13,0],[0,0],[-40.75,0.5],[-8.334,-0.421],[-7.965,-0.788]],"v":[[-64,-200.625],[-60.25,-186.875],[32.75,-176.25],[136.25,-151.25],[-62.75,-122],[-105.353,-109.061],[-122.795,-74.006],[-68.25,-19],[-91.904,6.63],[-112.56,12.622],[-116.25,13.5],[9.75,35],[116,14.75],[110.919,-12.117],[91.997,-40.684],[65.699,-63.755],[69.349,-86.309],[187.75,-141.75],[118.25,-203],[78,-201],[44,-200.25],[-14.75,-200.25],[-49.5,-201.5]],"c":true}]},{"i":{"x":0.833,"y":0.833},"o":{"x":0.659,"y":0.738},"n":"0p833_0p833_0p659_0p738","t":58,"s":[{"i":[[0.5,0.875],[-5.75,-4.875],[-48,0],[0,-35.5],[88.75,-10.5],[12.069,-8.491],[-2.423,-14.467],[-36.468,-19.973],[18.308,-6.205],[4.468,-1.105],[0,0],[-108.25,1.25],[-13.75,13.25],[2.849,7.636],[7.343,7.289],[5.633,6.507],[-9.926,9.624],[-9.75,80.25],[13,0],[0,0],[25.998,-0.319],[24.75,1.25],[22.75,2.25]],"o":[[-5.75,5.625],[16.25,10.875],[48,0],[1.75,54.75],[-14.267,-0.322],[-12.013,8.451],[2.693,16.077],[14.321,9.789],[-8.231,2.79],[-2.312,0.572],[0,0],[36.054,0.194],[-0.359,-10.381],[-4.546,-12.183],[-10.043,-9.97],[-5.634,-6.509],[31.651,-30.691],[0,-58],[-13,0],[0,0],[-40.75,0.5],[-8.334,-0.421],[-7.965,-0.788]],"v":[[-64,-200.625],[-60.25,-186.875],[32.75,-176.25],[136.25,-151.25],[-62.75,-122],[-105.353,-109.061],[-122.795,-74.006],[-68.25,-19],[-91.904,6.63],[-112.56,12.622],[-116.25,13.5],[9.75,35],[116,14.75],[110.919,-12.117],[91.997,-40.684],[65.699,-63.755],[69.349,-86.309],[187.75,-141.75],[118.25,-203],[78,-201],[44,-200.25],[-14.75,-200.25],[-49.5,-201.5]],"c":true}],"e":[{"i":[[-3.058,-2.537],[-8.093,-6.29],[-9.983,-4.776],[18.912,-12.494],[98.888,-13.814],[1.919,-21.17],[-24.313,-3.058],[-12.493,-29.231],[31.363,-9.05],[9.502,-7.805],[0,0],[-108.25,1.25],[-13.75,13.25],[-15.553,4.093],[11.507,48.073],[46.366,-1.908],[-7.196,31.293],[-68.434,26.245],[3.447,12.673],[3.753,5.069],[8.55,3.342],[14.027,2.274],[6.763,0.544]],"o":[[1.231,3.39],[13.91,10.29],[9.983,4.776],[-18.526,16.732],[-23.549,2.888],[1.161,35.657],[27.02,3.399],[11.049,48.361],[-10.197,2.777],[-7.797,6.595],[0,0],[36.054,0.194],[-26.984,-16.713],[22.783,-1.39],[-13.251,-33.546],[-46.378,1.909],[16.834,-36.54],[25.345,-19.592],[-3.057,-3.217],[-1.249,-1.686],[-17.55,-6.811],[-5.247,-1.067],[-6.954,-0.318]],"v":[[45.764,-238.35],[56.532,-227.476],[87.945,-217.232],[88.582,-188],[-78.347,-181.074],[-118.182,-135.333],[-71.703,-89.933],[-1.085,-58.382],[-70.181,-18.541],[-98.709,5.1],[-116.25,13.5],[9.75,35],[116,14.75],[116.247,-26.771],[164.188,-79.6],[53.1,-109.9],[-27.353,-136.805],[107.426,-166.315],[120.98,-213.918],[107.683,-225.565],[94.739,-232.663],[62.212,-242.752],[48.03,-243.319]],"c":true}]},{"i":{"x":0.499,"y":0.361},"o":{"x":0.167,"y":0.167},"n":"0p499_0p361_0p167_0p167","t":117,"s":[{"i":[[-3.058,-2.537],[-8.093,-6.29],[-9.983,-4.776],[18.912,-12.494],[98.888,-13.814],[1.919,-21.17],[-24.313,-3.058],[-12.493,-29.231],[31.363,-9.05],[9.502,-7.805],[0,0],[-108.25,1.25],[-13.75,13.25],[-15.553,4.093],[11.507,48.073],[46.366,-1.908],[-7.196,31.293],[-68.434,26.245],[3.447,12.673],[3.753,5.069],[8.55,3.342],[14.027,2.274],[6.763,0.544]],"o":[[1.231,3.39],[13.91,10.29],[9.983,4.776],[-18.526,16.732],[-23.549,2.888],[1.161,35.657],[27.02,3.399],[11.049,48.361],[-10.197,2.777],[-7.797,6.595],[0,0],[36.054,0.194],[-26.984,-16.713],[22.783,-1.39],[-13.251,-33.546],[-46.378,1.909],[16.834,-36.54],[25.345,-19.592],[-3.057,-3.217],[-1.249,-1.686],[-17.55,-6.811],[-5.247,-1.067],[-6.954,-0.318]],"v":[[45.764,-238.35],[56.532,-227.476],[87.945,-217.232],[88.582,-188],[-78.347,-181.074],[-118.182,-135.333],[-71.703,-89.933],[-1.085,-58.382],[-70.181,-18.541],[-98.709,5.1],[-116.25,13.5],[9.75,35],[116,14.75],[116.247,-26.771],[164.188,-79.6],[53.1,-109.9],[-27.353,-136.805],[107.426,-166.315],[120.98,-213.918],[107.683,-225.565],[94.739,-232.663],[62.212,-242.752],[48.03,-243.319]],"c":true}],"e":[{"i":[[-4.062,-3.5],[-8.754,-6.69],[0.75,-6.125],[24.25,-6],[101.75,-14.75],[-0.947,-24.75],[-30.492,0.162],[-5.724,-31.845],[35.049,-9.853],[10.923,-9.696],[0,0],[-108.25,1.25],[-13.75,13.25],[-20.748,3.093],[12.683,59.586],[57.865,-4.284],[-6.425,37.41],[-85,11],[0.75,16.25],[4.812,6.5],[3.625,4.375],[11,2.563],[2.25,0.063]],"o":[[3.202,2.759],[13.25,10.125],[-0.75,6.125],[-24.25,6],[-26.17,3.794],[4.88,43.338],[33.887,-0.18],[10.125,59.25],[-10.752,2.774],[-9.345,8.295],[0,0],[36.054,0.194],[-34.5,-18.5],[30.498,1.657],[-14.157,-40.202],[-57.88,4.285],[12.651,-38.191],[32.5,-8.75],[-0.25,-4.125],[-1.601,-2.163],[-11,-8.875],[-4.375,-1.25],[-6.669,-0.185]],"v":[[76.75,-249],[89.5,-238.938],[100,-214.375],[75.125,-198.375],[-82.75,-197.75],[-121.803,-142.75],[-57.279,-94.429],[17.875,-69.5],[-64.049,-25.647],[-94.799,2.977],[-116.25,13.5],[9.75,35],[116,14.75],[117.752,-30.907],[184.567,-90.586],[49.544,-122.926],[-54.651,-151.059],[84.75,-173.25],[121.75,-217],[116.063,-232.5],[109.063,-241.813],[83.938,-254.75],[75.563,-255.125]],"c":true}]},{"i":{"x":0.833,"y":0.833},"o":{"x":0.616,"y":0.786},"n":"0p833_0p833_0p616_0p786","t":130,"s":[{"i":[[-4.062,-3.5],[-8.754,-6.69],[0.75,-6.125],[24.25,-6],[101.75,-14.75],[-0.947,-24.75],[-30.492,0.162],[-5.724,-31.845],[35.049,-9.853],[10.923,-9.696],[0,0],[-108.25,1.25],[-13.75,13.25],[-20.748,3.093],[12.683,59.586],[57.865,-4.284],[-6.425,37.41],[-85,11],[0.75,16.25],[4.812,6.5],[3.625,4.375],[11,2.563],[2.25,0.063]],"o":[[3.202,2.759],[13.25,10.125],[-0.75,6.125],[-24.25,6],[-26.17,3.794],[4.88,43.338],[33.887,-0.18],[10.125,59.25],[-10.752,2.774],[-9.345,8.295],[0,0],[36.054,0.194],[-34.5,-18.5],[30.498,1.657],[-14.157,-40.202],[-57.88,4.285],[12.651,-38.191],[32.5,-8.75],[-0.25,-4.125],[-1.601,-2.163],[-11,-8.875],[-4.375,-1.25],[-6.669,-0.185]],"v":[[76.75,-249],[89.5,-238.938],[100,-214.375],[75.125,-198.375],[-82.75,-197.75],[-121.803,-142.75],[-57.279,-94.429],[17.875,-69.5],[-64.049,-25.647],[-94.799,2.977],[-116.25,13.5],[9.75,35],[116,14.75],[117.752,-30.907],[184.567,-90.586],[49.544,-122.926],[-54.651,-151.059],[84.75,-173.25],[121.75,-217],[116.063,-232.5],[109.063,-241.813],[83.938,-254.75],[75.563,-255.125]],"c":true}],"e":[{"i":[[0.892,-6.582],[-2.377,-3.594],[5.425,-3.037],[20.618,-3.04],[52.9,-17.494],[-7.709,-25.139],[-29.176,1.132],[-4.761,-30.568],[41.441,-26.091],[10.78,-9.853],[0,0],[-108.25,1.25],[-13.75,13.25],[-18.536,3.101],[10.32,66.92],[50.482,-3.94],[2.827,18.077],[-39.257,14.375],[-7.543,4.076],[-3.109,6.304],[0.036,4.243],[4.299,7.736],[2.25,0.063]],"o":[[-0.404,4.119],[-0.019,6.732],[-2.86,2.904],[-23.709,4.034],[-17.183,14.914],[9.389,31.552],[32.424,-1.258],[1.197,57.502],[-11.638,5.477],[-10.68,9.794],[0,0],[36.054,0.194],[-34.5,-18.5],[32.165,0.398],[-14.156,-41.428],[-58.971,2.676],[-0.009,-18.43],[14.751,-8.932],[7.543,-4.076],[3.109,-6.304],[-3.375,-6.28],[-2.387,-4.732],[-5.511,0.089]],"v":[[46.242,-240.445],[46.932,-230.948],[38.264,-218.284],[11.434,-211.324],[-83.982,-199.658],[-99.578,-144.619],[-31.74,-112.831],[37.75,-87.866],[-67.157,-46.218],[-93.795,-2.503],[-116.25,13.5],[9.75,35],[116,14.75],[114.854,-36.49],[196.372,-101.615],[87.08,-140.533],[-36.723,-154.058],[-1.42,-190.844],[45.207,-203.424],[61.14,-220.196],[63.705,-232.4],[55.438,-247.232],[49.012,-252.151]],"c":true}]},{"i":{"x":0.717,"y":0.639},"o":{"x":0.167,"y":0.167},"n":"0p717_0p639_0p167_0p167","t":157,"s":[{"i":[[0.892,-6.582],[-2.377,-3.594],[5.425,-3.037],[20.618,-3.04],[52.9,-17.494],[-7.709,-25.139],[-29.176,1.132],[-4.761,-30.568],[41.441,-26.091],[10.78,-9.853],[0,0],[-108.25,1.25],[-13.75,13.25],[-18.536,3.101],[10.32,66.92],[50.482,-3.94],[2.827,18.077],[-39.257,14.375],[-7.543,4.076],[-3.109,6.304],[0.036,4.243],[4.299,7.736],[2.25,0.063]],"o":[[-0.404,4.119],[-0.019,6.732],[-2.86,2.904],[-23.709,4.034],[-17.183,14.914],[9.389,31.552],[32.424,-1.258],[1.197,57.502],[-11.638,5.477],[-10.68,9.794],[0,0],[36.054,0.194],[-34.5,-18.5],[32.165,0.398],[-14.156,-41.428],[-58.971,2.676],[-0.009,-18.43],[14.751,-8.932],[7.543,-4.076],[3.109,-6.304],[-3.375,-6.28],[-2.387,-4.732],[-5.511,0.089]],"v":[[46.242,-240.445],[46.932,-230.948],[38.264,-218.284],[11.434,-211.324],[-83.982,-199.658],[-99.578,-144.619],[-31.74,-112.831],[37.75,-87.866],[-67.157,-46.218],[-93.795,-2.503],[-116.25,13.5],[9.75,35],[116,14.75],[114.854,-36.49],[196.372,-101.615],[87.08,-140.533],[-36.723,-154.058],[-1.42,-190.844],[45.207,-203.424],[61.14,-220.196],[63.705,-232.4],[55.438,-247.232],[49.012,-252.151]],"c":true}],"e":[{"i":[[4.307,-7.573],[2.918,-0.976],[9.292,-0.483],[19.239,-0.467],[13.625,-20.139],[-2.427,-14.836],[-29.677,1.252],[-0.686,-26.069],[30.102,-30.395],[10.662,-9.983],[0,0],[-108.25,1.25],[-13.75,13.25],[-16.707,3.107],[7.616,88.736],[68.127,0.095],[10.479,2.088],[-1.803,19.167],[-4.09,4.101],[-16.402,2.839],[-2.932,4.135],[-0.993,10.764],[2.25,0.063]],"o":[[-3.386,5.244],[-11.478,3.84],[-4.606,0.24],[-14.886,0.783],[-10.625,22.361],[10.198,31.164],[38.232,-1.613],[1.814,54.806],[-18.023,15.105],[-11.41,14.159],[0,0],[36.054,0.194],[-34.5,-18.5],[26.793,-12.393],[-14.155,-42.443],[-59.873,1.345],[-10.479,-2.088],[0.072,-9.083],[9.33,-9.356],[11.473,-4.661],[2.932,-4.135],[-0.743,-7.611],[-6.294,4.294]],"v":[[23.886,-232.869],[12.103,-225.09],[-11.167,-221.079],[-45.864,-220.033],[-85.25,-198.236],[-89.198,-152.914],[-21.222,-126.342],[56.186,-105.431],[-65.727,-64.105],[-89.59,-4.909],[-116.25,13.5],[9.75,35],[116,14.75],[111.957,-37.857],[208.884,-111.486],[104.873,-153.345],[-23.521,-154.287],[-41.322,-184.417],[-33.08,-205.144],[13.902,-213.339],[28.443,-223.24],[33.243,-239.764],[28.804,-246.567]],"c":true}]},{"t":185}],"ix":2},"nm":"Path 1","mn":"ADBE Vector Shape - Group","hd":false},{"ty":"st","c":{"a":0,"k":[1,1,1,1],"ix":3},"o":{"a":0,"k":100,"ix":4},"w":{"a":0,"k":2,"ix":5},"lc":1,"lj":1,"ml":4,"ml2":{"a":0,"k":4,"ix":8},"nm":"Stroke 1","mn":"ADBE Vector Graphic - Stroke","hd":true},{"ty":"fl","c":{"a":0,"k":[1,1,1,1],"ix":4},"o":{"a":0,"k":100,"ix":5},"r":1,"nm":"Fill 1","mn":"ADBE Vector Graphic - Fill","hd":false},{"ty":"tr","p":{"a":0,"k":[0.5,0],"ix":2},"a":{"a":0,"k":[0,0],"ix":1},"s":{"a":0,"k":[100,100],"ix":3},"r":{"a":0,"k":0,"ix":6},"o":{"a":0,"k":100,"ix":7},"sk":{"a":0,"k":0,"ix":4},"sa":{"a":0,"k":0,"ix":5},"nm":"Transform"}],"nm":"Shape 1","np":3,"cix":2,"ix":1,"mn":"ADBE Vector Group","hd":false}],"ip":0,"op":186,"st":0,"bm":0},{"ddd":0,"ind":7,"ty":4,"nm":"Shape Layer 11","sr":1,"ks":{"o":{"a":0,"k":100,"ix":11},"r":{"a":0,"k":0,"ix":10},"p":{"a":0,"k":[300,312.5,0],"ix":2},"a":{"a":0,"k":[0,0,0],"ix":1},"s":{"a":0,"k":[100,100,100],"ix":6}},"ao":0,"shapes":[{"ty":"gr","it":[{"ind":0,"ty":"sh","ix":1,"ks":{"a":0,"k":{"i":[[18.875,0],[26,-12.375],[-62,16]],"o":[[-44.5,0],[48,7.5],[-36.5,-12.75]],"v":[[2.313,-13.813],[-81,2.5],[86,-0.5]],"c":true},"ix":2},"nm":"Path 1","mn":"ADBE Vector Shape - Group","hd":false},{"ty":"st","c":{"a":0,"k":[1,1,1,1],"ix":3},"o":{"a":0,"k":100,"ix":4},"w":{"a":0,"k":2,"ix":5},"lc":1,"lj":1,"ml":4,"ml2":{"a":0,"k":4,"ix":8},"nm":"Stroke 1","mn":"ADBE Vector Graphic - Stroke","hd":true},{"ty":"fl","c":{"a":0,"k":[0.400000029919,0.098039223166,0.011764706817,1],"ix":4},"o":{"a":0,"k":100,"ix":5},"r":1,"nm":"Fill 1","mn":"ADBE Vector Graphic - Fill","hd":false},{"ty":"tr","p":{"a":0,"k":[0,0],"ix":2},"a":{"a":0,"k":[0,0],"ix":1},"s":{"a":0,"k":[100,100],"ix":3},"r":{"a":0,"k":0,"ix":6},"o":{"a":0,"k":100,"ix":7},"sk":{"a":0,"k":0,"ix":4},"sa":{"a":0,"k":0,"ix":5},"nm":"Transform"}],"nm":"Shape 1","np":3,"cix":2,"ix":1,"mn":"ADBE Vector Group","hd":false}],"ip":0,"op":186,"st":0,"bm":0},{"ddd":0,"ind":8,"ty":4,"nm":"Shape Layer 10","sr":1,"ks":{"o":{"a":0,"k":100,"ix":11},"r":{"a":0,"k":0,"ix":10},"p":{"a":0,"k":[300,311,0],"ix":2},"a":{"a":0,"k":[0,0,0],"ix":1},"s":{"a":0,"k":[99.569,106.111,100],"ix":6}},"ao":0,"shapes":[{"ty":"gr","it":[{"ind":0,"ty":"sh","ix":1,"ks":{"a":0,"k":{"i":[[84,0],[0,0],[-102.25,0],[0,0]],"o":[[-84,0],[0,0],[101.75,-5.5],[0,0]],"v":[[6.25,-17],[-115.5,4],[6,22.5],[116,4]],"c":true},"ix":2},"nm":"Path 1","mn":"ADBE Vector Shape - Group","hd":false},{"ty":"st","c":{"a":0,"k":[1,1,1,1],"ix":3},"o":{"a":0,"k":100,"ix":4},"w":{"a":0,"k":2,"ix":5},"lc":1,"lj":1,"ml":4,"ml2":{"a":0,"k":4,"ix":8},"nm":"Stroke 1","mn":"ADBE Vector Graphic - Stroke","hd":true},{"ty":"fl","c":{"a":0,"k":[0.301960784314,0.125490196078,0.01568627451,1],"ix":4},"o":{"a":0,"k":100,"ix":5},"r":1,"nm":"Fill 1","mn":"ADBE Vector Graphic - Fill","hd":false},{"ty":"tr","p":{"a":0,"k":[0,0],"ix":2},"a":{"a":0,"k":[0,0],"ix":1},"s":{"a":0,"k":[100,100],"ix":3},"r":{"a":0,"k":0,"ix":6},"o":{"a":0,"k":100,"ix":7},"sk":{"a":0,"k":0,"ix":4},"sa":{"a":0,"k":0,"ix":5},"nm":"Transform"}],"nm":"Shape 1","np":3,"cix":2,"ix":1,"mn":"ADBE Vector Group","hd":false}],"ip":0,"op":186,"st":0,"bm":0},{"ddd":0,"ind":9,"ty":4,"nm":"Shape Layer 9","sr":1,"ks":{"o":{"a":0,"k":100,"ix":11},"r":{"a":0,"k":0,"ix":10},"p":{"a":0,"k":[300,311,0],"ix":2},"a":{"a":0,"k":[0,0,0],"ix":1},"s":{"a":0,"k":[100,100,100],"ix":6}},"ao":0,"shapes":[{"ty":"gr","it":[{"ind":0,"ty":"sh","ix":1,"ks":{"a":0,"k":{"i":[[0,0],[30.5,-2.5],[6.5,-11.5],[-8,6.75],[-39.5,3.75]],"o":[[0,0],[-30.5,2.5],[-5,6.75],[8,-6.75],[39.5,-3.75]],"v":[[95,-283.25],[36.75,-281.25],[-37.75,-256.25],[-28.5,-245],[61,-262.5]],"c":true},"ix":2},"nm":"Path 1","mn":"ADBE Vector Shape - Group","hd":false},{"ty":"st","c":{"a":0,"k":[1,1,1,1],"ix":3},"o":{"a":0,"k":100,"ix":4},"w":{"a":0,"k":2,"ix":5},"lc":1,"lj":1,"ml":4,"ml2":{"a":0,"k":4,"ix":8},"nm":"Stroke 1","mn":"ADBE Vector Graphic - Stroke","hd":true},{"ty":"fl","c":{"a":0,"k":[0.996078491211,0.764705955982,0.47058826685,1],"ix":4},"o":{"a":0,"k":100,"ix":5},"r":1,"nm":"Fill 1","mn":"ADBE Vector Graphic - Fill","hd":false},{"ty":"tr","p":{"a":0,"k":[-81,240.25],"ix":2},"a":{"a":0,"k":[0,0],"ix":1},"s":{"a":0,"k":[100,100],"ix":3},"r":{"a":0,"k":0,"ix":6},"o":{"a":0,"k":100,"ix":7},"sk":{"a":0,"k":0,"ix":4},"sa":{"a":0,"k":0,"ix":5},"nm":"Transform"}],"nm":"Shape 5","np":3,"cix":2,"ix":1,"mn":"ADBE Vector Group","hd":false},{"ty":"gr","it":[{"ty":"st","c":{"a":0,"k":[1,1,1,1],"ix":3},"o":{"a":0,"k":100,"ix":4},"w":{"a":0,"k":2,"ix":5},"lc":1,"lj":1,"ml":4,"ml2":{"a":0,"k":4,"ix":8},"nm":"Stroke 1","mn":"ADBE Vector Graphic - Stroke","hd":true},{"ty":"fl","c":{"a":0,"k":[1,1,1,1],"ix":4},"o":{"a":0,"k":100,"ix":5},"r":1,"nm":"Fill 1","mn":"ADBE Vector Graphic - Fill","hd":false},{"ty":"tr","p":{"a":0,"k":[0,0],"ix":2},"a":{"a":0,"k":[0,0],"ix":1},"s":{"a":0,"k":[100,100],"ix":3},"r":{"a":0,"k":0,"ix":6},"o":{"a":0,"k":100,"ix":7},"sk":{"a":0,"k":0,"ix":4},"sa":{"a":0,"k":0,"ix":5},"nm":"Transform"}],"nm":"Shape 4","np":2,"cix":2,"ix":2,"mn":"ADBE Vector Group","hd":false},{"ty":"gr","it":[{"d":1,"ty":"el","s":{"a":0,"k":[10.125,10.125],"ix":2},"p":{"a":0,"k":[0,0],"ix":3},"nm":"Ellipse Path 1","mn":"ADBE Vector Shape - Ellipse","hd":false},{"ty":"st","c":{"a":0,"k":[1,1,1,1],"ix":3},"o":{"a":0,"k":100,"ix":4},"w":{"a":0,"k":2,"ix":5},"lc":1,"lj":1,"ml":4,"ml2":{"a":0,"k":4,"ix":8},"nm":"Stroke 1","mn":"ADBE Vector Graphic - Stroke","hd":true},{"ty":"fl","c":{"a":0,"k":[1,1,1,1],"ix":4},"o":{"a":0,"k":100,"ix":5},"r":1,"nm":"Fill 1","mn":"ADBE Vector Graphic - Fill","hd":false},{"ty":"tr","p":{"a":0,"k":[-132.188,102.438],"ix":2},"a":{"a":0,"k":[0,0],"ix":1},"s":{"a":0,"k":[100,100],"ix":3},"r":{"a":0,"k":0,"ix":6},"o":{"a":0,"k":100,"ix":7},"sk":{"a":0,"k":0,"ix":4},"sa":{"a":0,"k":0,"ix":5},"nm":"Transform"}],"nm":"Ellipse 1","np":3,"cix":2,"ix":3,"mn":"ADBE Vector Group","hd":false},{"ty":"gr","it":[{"ind":0,"ty":"sh","ix":1,"ks":{"a":0,"k":{"i":[[0,0],[14.75,-6.5],[-32.25,-12],[-6.75,16.25]],"o":[[0,0],[-21,10.5],[-21.25,-13.75],[6.75,-16.25]],"v":[[-157.75,12],[-178.75,14.25],[-170,74.25],[-187.5,29.25]],"c":true},"ix":2},"nm":"Path 1","mn":"ADBE Vector Shape - Group","hd":false},{"ty":"st","c":{"a":0,"k":[1,1,1,1],"ix":3},"o":{"a":0,"k":100,"ix":4},"w":{"a":0,"k":2,"ix":5},"lc":1,"lj":1,"ml":4,"ml2":{"a":0,"k":4,"ix":8},"nm":"Stroke 1","mn":"ADBE Vector Graphic - Stroke","hd":true},{"ty":"fl","c":{"a":0,"k":[1,1,1,1],"ix":4},"o":{"a":0,"k":100,"ix":5},"r":1,"nm":"Fill 1","mn":"ADBE Vector Graphic - Fill","hd":false},{"ty":"tr","p":{"a":0,"k":[0,0],"ix":2},"a":{"a":0,"k":[0,0],"ix":1},"s":{"a":0,"k":[100,100],"ix":3},"r":{"a":0,"k":0,"ix":6},"o":{"a":0,"k":100,"ix":7},"sk":{"a":0,"k":0,"ix":4},"sa":{"a":0,"k":0,"ix":5},"nm":"Transform"}],"nm":"Shape 3","np":3,"cix":2,"ix":4,"mn":"ADBE Vector Group","hd":false},{"ty":"gr","it":[{"ind":0,"ty":"sh","ix":1,"ks":{"a":0,"k":{"i":[[0,0],[5.75,-17],[-54.25,-8.25],[-0.5,15.75]],"o":[[0,0],[-1.75,17.5],[-27.25,-5],[0.5,-15.75]],"v":[[-124,-31.75],[-145.25,-15],[-63.5,25.25],[-138.75,-11.75]],"c":true},"ix":2},"nm":"Path 1","mn":"ADBE Vector Shape - Group","hd":false},{"ty":"st","c":{"a":0,"k":[1,1,1,1],"ix":3},"o":{"a":0,"k":100,"ix":4},"w":{"a":0,"k":2,"ix":5},"lc":1,"lj":1,"ml":4,"ml2":{"a":0,"k":4,"ix":8},"nm":"Stroke 1","mn":"ADBE Vector Graphic - Stroke","hd":true},{"ty":"fl","c":{"a":0,"k":[1,1,1,1],"ix":4},"o":{"a":0,"k":100,"ix":5},"r":1,"nm":"Fill 1","mn":"ADBE Vector Graphic - Fill","hd":false},{"ty":"tr","p":{"a":0,"k":[0,0],"ix":2},"a":{"a":0,"k":[0,0],"ix":1},"s":{"a":0,"k":[100,100],"ix":3},"r":{"a":0,"k":0,"ix":6},"o":{"a":0,"k":100,"ix":7},"sk":{"a":0,"k":0,"ix":4},"sa":{"a":0,"k":0,"ix":5},"nm":"Transform"}],"nm":"Shape 2","np":3,"cix":2,"ix":5,"mn":"ADBE Vector Group","hd":false},{"ty":"gr","it":[{"ind":0,"ty":"sh","ix":1,"ks":{"a":0,"k":{"i":[[2,1.375],[-17,-29.75],[-7.5,-5.25],[4.75,10.25]],"o":[[-2,-1.375],[9,18.75],[7.5,5.25],[-4.75,-10.25]],"v":[[-118,34.375],[-106.25,74.75],[-72.25,113],[-68.5,103.75]],"c":true},"ix":2},"nm":"Path 1","mn":"ADBE Vector Shape - Group","hd":false},{"ty":"st","c":{"a":0,"k":[1,1,1,1],"ix":3},"o":{"a":0,"k":100,"ix":4},"w":{"a":0,"k":2,"ix":5},"lc":1,"lj":1,"ml":4,"ml2":{"a":0,"k":4,"ix":8},"nm":"Stroke 1","mn":"ADBE Vector Graphic - Stroke","hd":true},{"ty":"fl","c":{"a":0,"k":[1,1,1,1],"ix":4},"o":{"a":0,"k":100,"ix":5},"r":1,"nm":"Fill 1","mn":"ADBE Vector Graphic - Fill","hd":false},{"ty":"tr","p":{"a":0,"k":[0,0],"ix":2},"a":{"a":0,"k":[0,0],"ix":1},"s":{"a":0,"k":[100,100],"ix":3},"r":{"a":0,"k":0,"ix":6},"o":{"a":0,"k":100,"ix":7},"sk":{"a":0,"k":0,"ix":4},"sa":{"a":0,"k":0,"ix":5},"nm":"Transform"}],"nm":"Shape 1","np":3,"cix":2,"ix":6,"mn":"ADBE Vector Group","hd":false}],"ip":0,"op":186,"st":0,"bm":0},{"ddd":0,"ind":10,"ty":4,"nm":"Shape Layer 8","sr":1,"ks":{"o":{"a":0,"k":100,"ix":11},"r":{"a":0,"k":0,"ix":10},"p":{"a":0,"k":[384.25,311,0],"ix":2},"a":{"a":0,"k":[0,0,0],"ix":1},"s":{"a":0,"k":[100,100,100],"ix":6}},"ao":0,"shapes":[{"ty":"gr","it":[{"ind":0,"ty":"sh","ix":1,"ks":{"a":0,"k":{"i":[[0,0],[-33.492,-31.429],[-15.008,-0.577],[-3.5,35.25],[0,0],[44,-1.5]],"o":[[0,0],[28.737,26.967],[32.5,1.25],[3.5,-35.25],[0,0],[-44,1.5]],"v":[[-136.5,20],[-80.732,107.497],[2.25,138],[43.5,95.75],[30.5,41],[-38.5,45]],"c":true},"ix":2},"nm":"Path 1","mn":"ADBE Vector Shape - Group","hd":false},{"ty":"st","c":{"a":0,"k":[1,1,1,1],"ix":3},"o":{"a":0,"k":100,"ix":4},"w":{"a":0,"k":2,"ix":5},"lc":1,"lj":1,"ml":4,"ml2":{"a":0,"k":4,"ix":8},"nm":"Stroke 1","mn":"ADBE Vector Graphic - Stroke","hd":true},{"ty":"fl","c":{"a":0,"k":[0.996078491211,0.764705942191,0.470588265213,1],"ix":4},"o":{"a":0,"k":100,"ix":5},"r":1,"nm":"Fill 1","mn":"ADBE Vector Graphic - Fill","hd":false},{"ty":"tr","p":{"a":0,"k":[-84.5,0],"ix":2},"a":{"a":0,"k":[0,0],"ix":1},"s":{"a":0,"k":[100,100],"ix":3},"r":{"a":0,"k":0,"ix":6},"o":{"a":0,"k":100,"ix":7},"sk":{"a":0,"k":0,"ix":4},"sa":{"a":0,"k":0,"ix":5},"nm":"Transform"}],"nm":"Shape 1","np":3,"cix":2,"ix":1,"mn":"ADBE Vector Group","hd":false}],"ip":0,"op":186,"st":0,"bm":0},{"ddd":0,"ind":11,"ty":4,"nm":"Shape Layer 6","sr":1,"ks":{"o":{"a":0,"k":100,"ix":11},"r":{"a":0,"k":0,"ix":10},"p":{"a":0,"k":[300,311,0],"ix":2},"a":{"a":0,"k":[0,0,0],"ix":1},"s":{"a":0,"k":[96.52,95.591,100],"ix":6}},"ao":0,"shapes":[{"ty":"gr","it":[{"ind":0,"ty":"sh","ix":1,"ks":{"a":0,"k":{"i":[[0,0],[4,-19.75],[3.5,15.75],[16.573,5.04]],"o":[[0,0],[45.578,-4.343],[-1.432,-6.444],[-28.975,-8.811]],"v":[[48.108,-47.65],[58.25,19.25],[138.731,-15.25],[105.996,-36.826]],"c":true},"ix":2},"nm":"Path 1","mn":"ADBE Vector Shape - Group","hd":false},{"ty":"st","c":{"a":0,"k":[0.298039215686,0.129411764706,0.023529413635,1],"ix":3},"o":{"a":0,"k":100,"ix":4},"w":{"a":0,"k":2,"ix":5},"lc":1,"lj":1,"ml":4,"ml2":{"a":0,"k":4,"ix":8},"nm":"Stroke 1","mn":"ADBE Vector Graphic - Stroke","hd":true},{"ty":"fl","c":{"a":0,"k":[0.909803986549,0.498039245605,0.172549024224,1],"ix":4},"o":{"a":0,"k":100,"ix":5},"r":1,"nm":"Fill 1","mn":"ADBE Vector Graphic - Fill","hd":false},{"ty":"tr","p":{"a":0,"k":[-1.295,-0.523],"ix":2},"a":{"a":0,"k":[0,0],"ix":1},"s":{"a":0,"k":[100,100],"ix":3},"r":{"a":0,"k":0,"ix":6},"o":{"a":0,"k":100,"ix":7},"sk":{"a":0,"k":0,"ix":4},"sa":{"a":0,"k":0,"ix":5},"nm":"Transform"}],"nm":"Shape 1","np":3,"cix":2,"ix":1,"mn":"ADBE Vector Group","hd":false},{"ty":"gr","it":[{"d":1,"ty":"el","s":{"a":0,"k":[255.5,77.75],"ix":2},"p":{"a":0,"k":[0,0],"ix":3},"nm":"Ellipse Path 1","mn":"ADBE Vector Shape - Ellipse","hd":false},{"ty":"st","c":{"a":0,"k":[0.298039215686,0.129411764706,0.023529413635,1],"ix":3},"o":{"a":0,"k":100,"ix":4},"w":{"a":0,"k":2,"ix":5},"lc":1,"lj":1,"ml":4,"ml2":{"a":0,"k":4,"ix":8},"nm":"Stroke 1","mn":"ADBE Vector Graphic - Stroke","hd":false},{"ty":"fl","c":{"a":0,"k":[0.992156922583,0.58431372549,0.219607858097,1],"ix":4},"o":{"a":0,"k":100,"ix":5},"r":1,"nm":"Fill 1","mn":"ADBE Vector Graphic - Fill","hd":false},{"ty":"tr","p":{"a":0,"k":[2,-13.625],"ix":2},"a":{"a":0,"k":[0,0],"ix":1},"s":{"a":0,"k":[106.804,96.215],"ix":3},"r":{"a":0,"k":0,"ix":6},"o":{"a":0,"k":100,"ix":7},"sk":{"a":0,"k":0,"ix":4},"sa":{"a":0,"k":0,"ix":5},"nm":"Transform"}],"nm":"Ellipse 1","np":3,"cix":2,"ix":2,"mn":"ADBE Vector Group","hd":false}],"ip":0,"op":186,"st":0,"bm":0},{"ddd":0,"ind":12,"ty":4,"nm":"Shape Layer 5","sr":1,"ks":{"o":{"a":0,"k":100,"ix":11},"r":{"a":0,"k":0,"ix":10},"p":{"a":0,"k":[150,311,0],"ix":2},"a":{"a":0,"k":[0,0,0],"ix":1},"s":{"a":0,"k":[100,100,100],"ix":6}},"ao":0,"shapes":[{"ty":"gr","it":[{"ind":0,"ty":"sh","ix":1,"ks":{"a":0,"k":{"i":[[131.75,7.75],[-1.25,-40.75],[0,0],[20,-34],[-35.5,-5],[4.066,-4.301],[0,0],[11.125,0],[-16.125,-7.5],[7.75,15.375],[7.875,22],[-20.75,-20.75],[-102,-3.75],[-1.5,26.5]],"o":[[-33.5,0],[2.75,20.75],[0,0],[-14.5,37.75],[27.039,4.231],[-1.46,1.545],[0,0],[-11.125,0],[16.125,7.5],[-7.75,-15.375],[-11.125,-28.5],[20.75,20.75],[105,0.75],[6.25,-25.25]],"v":[[5.25,-58.75],[-147.75,-11],[-143.25,17.5],[-194.25,24.25],[-139,88],[-118.899,107.228],[-124.063,106.875],[-132.75,93.625],[-130.75,118.625],[-109.5,91.375],[-183,54.875],[-143.375,34.5],[1.5,147.5],[148,-2.75]],"c":true},"ix":2},"nm":"Path 1","mn":"ADBE Vector Shape - Group","hd":false},{"ty":"st","c":{"a":0,"k":[0.298039215686,0.129411764706,0.023529413635,1],"ix":3},"o":{"a":0,"k":100,"ix":4},"w":{"a":0,"k":2,"ix":5},"lc":1,"lj":1,"ml":4,"ml2":{"a":0,"k":4,"ix":8},"nm":"Stroke 1","mn":"ADBE Vector Graphic - Stroke","hd":false},{"ty":"fl","c":{"a":0,"k":[0.992156922583,0.58431372549,0.219607858097,1],"ix":4},"o":{"a":0,"k":100,"ix":5},"r":1,"nm":"Fill 1","mn":"ADBE Vector Graphic - Fill","hd":true},{"ty":"tr","p":{"a":0,"k":[151.25,0],"ix":2},"a":{"a":0,"k":[0,0],"ix":1},"s":{"a":0,"k":[100,100],"ix":3},"r":{"a":0,"k":0,"ix":6},"o":{"a":0,"k":100,"ix":7},"sk":{"a":0,"k":0,"ix":4},"sa":{"a":0,"k":0,"ix":5},"nm":"Transform"}],"nm":"Shape 1","np":3,"cix":2,"ix":1,"mn":"ADBE Vector Group","hd":false},{"ty":"gr","it":[{"ind":0,"ty":"sh","ix":1,"ks":{"a":0,"k":{"i":[[0,0],[8.308,-4.14],[0,0],[18.25,-11.375],[0,0]],"o":[[0,0],[-8.308,4.14],[0,0],[47.875,-13.375],[0,0]],"v":[[73.375,124.875],[56.308,135.235],[38.75,142.5],[23.75,162.5],[78.125,134.625]],"c":true},"ix":2},"nm":"Path 1","mn":"ADBE Vector Shape - Group","hd":false},{"ty":"st","c":{"a":0,"k":[0.298039215686,0.129411764706,0.023529413635,1],"ix":3},"o":{"a":0,"k":100,"ix":4},"w":{"a":0,"k":2,"ix":5},"lc":1,"lj":1,"ml":4,"ml2":{"a":0,"k":4,"ix":8},"nm":"Stroke 1","mn":"ADBE Vector Graphic - Stroke","hd":true},{"ty":"fl","c":{"a":0,"k":[0.886274569642,0.486274539723,0.152941176471,1],"ix":4},"o":{"a":0,"k":100,"ix":5},"r":1,"nm":"Fill 1","mn":"ADBE Vector Graphic - Fill","hd":false},{"ty":"tr","p":{"a":0,"k":[151.25,0],"ix":2},"a":{"a":0,"k":[0,0],"ix":1},"s":{"a":0,"k":[100,100],"ix":3},"r":{"a":0,"k":0,"ix":6},"o":{"a":0,"k":100,"ix":7},"sk":{"a":0,"k":0,"ix":4},"sa":{"a":0,"k":0,"ix":5},"nm":"Transform"}],"nm":"Shape 2","np":3,"cix":2,"ix":2,"mn":"ADBE Vector Group","hd":false}],"ip":0,"op":186,"st":0,"bm":0},{"ddd":0,"ind":13,"ty":4,"nm":"Shape Layer 7","sr":1,"ks":{"o":{"a":0,"k":100,"ix":11},"r":{"a":0,"k":0,"ix":10},"p":{"a":0,"k":[299.25,314.75,0],"ix":2},"a":{"a":0,"k":[0,0,0],"ix":1},"s":{"a":0,"k":[108.673,125.029,100],"ix":6}},"ao":0,"shapes":[{"ty":"gr","it":[{"d":1,"ty":"el","s":{"a":0,"k":[255.5,77.75],"ix":2},"p":{"a":0,"k":[0,0],"ix":3},"nm":"Ellipse Path 1","mn":"ADBE Vector Shape - Ellipse","hd":false},{"ty":"st","c":{"a":0,"k":[0.298039215686,0.129411764706,0.023529413635,1],"ix":3},"o":{"a":0,"k":100,"ix":4},"w":{"a":0,"k":2,"ix":5},"lc":1,"lj":1,"ml":4,"ml2":{"a":0,"k":4,"ix":8},"nm":"Stroke 1","mn":"ADBE Vector Graphic - Stroke","hd":false},{"ty":"fl","c":{"a":0,"k":[0.992156922583,0.58431372549,0.219607858097,1],"ix":4},"o":{"a":0,"k":100,"ix":5},"r":1,"nm":"Fill 1","mn":"ADBE Vector Graphic - Fill","hd":false},{"ty":"tr","p":{"a":0,"k":[2,-13.625],"ix":2},"a":{"a":0,"k":[0,0],"ix":1},"s":{"a":0,"k":[106.804,96.215],"ix":3},"r":{"a":0,"k":0,"ix":6},"o":{"a":0,"k":100,"ix":7},"sk":{"a":0,"k":0,"ix":4},"sa":{"a":0,"k":0,"ix":5},"nm":"Transform"}],"nm":"Ellipse 1","np":3,"cix":2,"ix":1,"mn":"ADBE Vector Group","hd":false}],"ip":0,"op":186,"st":0,"bm":0},{"ddd":0,"ind":14,"ty":4,"nm":"Shape Layer 4","sr":1,"ks":{"o":{"a":0,"k":45,"ix":11},"r":{"a":0,"k":0,"ix":10},"p":{"a":0,"k":[150,311,0],"ix":2},"a":{"a":0,"k":[0,0,0],"ix":1},"s":{"a":0,"k":[100,100,100],"ix":6}},"ao":0,"shapes":[{"ty":"gr","it":[{"ind":0,"ty":"sh","ix":1,"ks":{"a":0,"k":{"i":[[62.5,-12],[8,-0.375],[72.25,0],[-1.5,26.5]],"o":[[-32.25,8.25],[18.25,4.625],[105,0.75],[0,-17.5]],"v":[[90.25,25],[34.75,33.625],[1.5,147.5],[148,-2.75]],"c":true},"ix":2},"nm":"Path 1","mn":"ADBE Vector Shape - Group","hd":false},{"ty":"st","c":{"a":0,"k":[0.298039215686,0.129411764706,0.023529413635,1],"ix":3},"o":{"a":0,"k":100,"ix":4},"w":{"a":0,"k":2,"ix":5},"lc":1,"lj":1,"ml":4,"ml2":{"a":0,"k":4,"ix":8},"nm":"Stroke 1","mn":"ADBE Vector Graphic - Stroke","hd":true},{"ty":"fl","c":{"a":0,"k":[0.850980392157,0.463393417059,0.116801228243,1],"ix":4},"o":{"a":0,"k":100,"ix":5},"r":1,"nm":"Fill 1","mn":"ADBE Vector Graphic - Fill","hd":false},{"ty":"tr","p":{"a":0,"k":[151.25,0],"ix":2},"a":{"a":0,"k":[0,0],"ix":1},"s":{"a":0,"k":[100,100],"ix":3},"r":{"a":0,"k":0,"ix":6},"o":{"a":0,"k":100,"ix":7},"sk":{"a":0,"k":0,"ix":4},"sa":{"a":0,"k":0,"ix":5},"nm":"Transform"}],"nm":"Shape 1","np":3,"cix":2,"ix":1,"mn":"ADBE Vector Group","hd":false},{"ty":"gr","it":[{"ind":0,"ty":"sh","ix":1,"ks":{"a":0,"k":{"i":[[0,0],[-1.625,-2.25],[-58.125,0],[0,0],[0,0]],"o":[[0,0],[1.625,2.25],[56.75,-4.75],[0,0],[0,0]],"v":[[-68.125,127.875],[-70,135.125],[9.5,164.125],[78.125,134.625],[73.375,124.875]],"c":false},"ix":2},"nm":"Path 1","mn":"ADBE Vector Shape - Group","hd":false},{"ty":"st","c":{"a":0,"k":[0.298039215686,0.129411764706,0.023529413635,1],"ix":3},"o":{"a":0,"k":100,"ix":4},"w":{"a":0,"k":2,"ix":5},"lc":1,"lj":1,"ml":4,"ml2":{"a":0,"k":4,"ix":8},"nm":"Stroke 1","mn":"ADBE Vector Graphic - Stroke","hd":false},{"ty":"fl","c":{"a":0,"k":[0.850980392157,0.463393417059,0.116801228243,1],"ix":4},"o":{"a":0,"k":100,"ix":5},"r":1,"nm":"Fill 1","mn":"ADBE Vector Graphic - Fill","hd":false},{"ty":"tr","p":{"a":0,"k":[151.25,0],"ix":2},"a":{"a":0,"k":[0,0],"ix":1},"s":{"a":0,"k":[100,100],"ix":3},"r":{"a":0,"k":0,"ix":6},"o":{"a":0,"k":100,"ix":7},"sk":{"a":0,"k":0,"ix":4},"sa":{"a":0,"k":0,"ix":5},"nm":"Transform"}],"nm":"Shape 2","np":3,"cix":2,"ix":2,"mn":"ADBE Vector Group","hd":false}],"ip":0,"op":186,"st":0,"bm":0},{"ddd":0,"ind":15,"ty":4,"nm":"Shape Layer 3","sr":1,"ks":{"o":{"a":0,"k":100,"ix":11},"r":{"a":0,"k":0,"ix":10},"p":{"a":0,"k":[150,311,0],"ix":2},"a":{"a":0,"k":[0,0,0],"ix":1},"s":{"a":0,"k":[100,100,100],"ix":6}},"ao":0,"shapes":[{"ty":"gr","it":[{"ind":0,"ty":"sh","ix":1,"ks":{"a":0,"k":{"i":[[131.75,7.75],[-1.25,-40.75],[0,0],[20,-34],[-35.5,-5],[4.066,-4.301],[0,0],[11.125,0],[-16.125,-7.5],[7.75,15.375],[7.875,22],[-20.75,-20.75],[-102,-3.75],[-1.5,26.5]],"o":[[-33.5,0],[2.75,20.75],[0,0],[-14.5,37.75],[27.039,4.231],[-1.46,1.545],[0,0],[-11.125,0],[16.125,7.5],[-7.75,-15.375],[-11.125,-28.5],[20.75,20.75],[105,0.75],[6.25,-25.25]],"v":[[5.25,-58.75],[-147.75,-11],[-143.25,17.5],[-194.25,24.25],[-139,88],[-118.899,107.228],[-124.063,106.875],[-132.75,93.625],[-130.75,118.625],[-109.5,91.375],[-183,54.875],[-143.375,34.5],[1.5,147.5],[148,-2.75]],"c":true},"ix":2},"nm":"Path 1","mn":"ADBE Vector Shape - Group","hd":false},{"ty":"st","c":{"a":0,"k":[0.298039215686,0.129411764706,0.023529413635,1],"ix":3},"o":{"a":0,"k":100,"ix":4},"w":{"a":0,"k":2,"ix":5},"lc":1,"lj":1,"ml":4,"ml2":{"a":0,"k":4,"ix":8},"nm":"Stroke 1","mn":"ADBE Vector Graphic - Stroke","hd":false},{"ty":"fl","c":{"a":0,"k":[0.992156922583,0.58431372549,0.219607858097,1],"ix":4},"o":{"a":0,"k":100,"ix":5},"r":1,"nm":"Fill 1","mn":"ADBE Vector Graphic - Fill","hd":false},{"ty":"tr","p":{"a":0,"k":[151.25,0],"ix":2},"a":{"a":0,"k":[0,0],"ix":1},"s":{"a":0,"k":[100,100],"ix":3},"r":{"a":0,"k":0,"ix":6},"o":{"a":0,"k":100,"ix":7},"sk":{"a":0,"k":0,"ix":4},"sa":{"a":0,"k":0,"ix":5},"nm":"Transform"}],"nm":"Shape 1","np":3,"cix":2,"ix":1,"mn":"ADBE Vector Group","hd":false},{"ty":"gr","it":[{"ind":0,"ty":"sh","ix":1,"ks":{"a":0,"k":{"i":[[0,0],[-1.625,-2.25],[-58.125,0],[0,0],[0,0]],"o":[[0,0],[1.625,2.25],[56.75,-4.75],[0,0],[0,0]],"v":[[-68.125,127.875],[-70,135.125],[9.5,164.125],[78.125,134.625],[73.375,124.875]],"c":false},"ix":2},"nm":"Path 1","mn":"ADBE Vector Shape - Group","hd":false},{"ty":"st","c":{"a":0,"k":[0.298039215686,0.129411764706,0.023529413635,1],"ix":3},"o":{"a":0,"k":100,"ix":4},"w":{"a":0,"k":2,"ix":5},"lc":1,"lj":1,"ml":4,"ml2":{"a":0,"k":4,"ix":8},"nm":"Stroke 1","mn":"ADBE Vector Graphic - Stroke","hd":false},{"ty":"fl","c":{"a":0,"k":[0.992156922583,0.58431372549,0.219607858097,1],"ix":4},"o":{"a":0,"k":100,"ix":5},"r":1,"nm":"Fill 1","mn":"ADBE Vector Graphic - Fill","hd":false},{"ty":"tr","p":{"a":0,"k":[151.25,0],"ix":2},"a":{"a":0,"k":[0,0],"ix":1},"s":{"a":0,"k":[100,100],"ix":3},"r":{"a":0,"k":0,"ix":6},"o":{"a":0,"k":100,"ix":7},"sk":{"a":0,"k":0,"ix":4},"sa":{"a":0,"k":0,"ix":5},"nm":"Transform"}],"nm":"Shape 2","np":3,"cix":2,"ix":2,"mn":"ADBE Vector Group","hd":false}],"ip":0,"op":186,"st":0,"bm":0},{"ddd":0,"ind":16,"ty":4,"nm":"Shape Layer 2","sr":1,"ks":{"o":{"a":0,"k":100,"ix":11},"r":{"a":0,"k":0,"ix":10},"p":{"a":0,"k":[300,300,0],"ix":2},"a":{"a":0,"k":[0,0,0],"ix":1},"s":{"a":0,"k":[100,100,100],"ix":6}},"ao":0,"shapes":[{"ty":"gr","it":[{"d":1,"ty":"el","s":{"a":0,"k":[600,600],"ix":2},"p":{"a":0,"k":[0,0],"ix":3},"nm":"Ellipse Path 1","mn":"ADBE Vector Shape - Ellipse","hd":false},{"ty":"st","c":{"a":0,"k":[1,1,1,1],"ix":3},"o":{"a":0,"k":100,"ix":4},"w":{"a":0,"k":2,"ix":5},"lc":1,"lj":1,"ml":4,"ml2":{"a":0,"k":4,"ix":8},"nm":"Stroke 1","mn":"ADBE Vector Graphic - Stroke","hd":true},{"ty":"fl","c":{"a":0,"k":[0.396078461292,0.129411764706,0.129411764706,1],"ix":4},"o":{"a":0,"k":100,"ix":5},"r":1,"nm":"Fill 1","mn":"ADBE Vector Graphic - Fill","hd":false},{"ty":"tr","p":{"a":0,"k":[0,0],"ix":2},"a":{"a":0,"k":[0,0],"ix":1},"s":{"a":0,"k":[100,100],"ix":3},"r":{"a":0,"k":0,"ix":6},"o":{"a":0,"k":100,"ix":7},"sk":{"a":0,"k":0,"ix":4},"sa":{"a":0,"k":0,"ix":5},"nm":"Transform"}],"nm":"Ellipse 1","np":3,"cix":2,"ix":1,"mn":"ADBE Vector Group","hd":false}],"ip":0,"op":186,"st":0,"bm":0}],"markers":[]}